"Source:","/Users/gregoryhulette/Documents/GitHub/KiCad-Files-Public/Body_Controller_V1.2/Body_Controller_V1.kicad_sch"
"Date:","Tuesday, September 12, 2023 at 02:08:32 PM"
"Tool:","Eeschema (6.0.0-0)"
"Generator:","/Applications/KiCad/KiCad.app/Contents/SharedSupport/plugins/bom_csv_grouped_by_value_with_fp.py"
"Component Count:","95"
"Ref","Qnty","Value","Cmp name","Footprint","Description","Vendor"
"C1, C2, ","2","20pF","C_Small","Capacitor_SMD:C_0402_1005Metric","Unpolarized capacitor, small symbol",""
"C3, C9, C10, C12, ","4","10uF","C_Small","Capacitor_SMD:C_0402_1005Metric","Unpolarized capacitor, small symbol",""
"C4, C5, C6, C7, C8, C11, C13, C14, C15, C16, C19, C20, C21, ","13",".1uF","C_Small","Capacitor_SMD:C_0402_1005Metric","Unpolarized capacitor, small symbol",""
"C17, C18, ","2","1uF","C_Small","Capacitor_SMD:C_0402_1005Metric","Unpolarized capacitor, small symbol",""
"D1, ","1","LED","LED","LED_SMD:LED_0603_1608Metric","Light emitting diode",""
"D2, D3, D4, ","3","B5819W-TP","B5819W-TP_1","SOD3716X135N","",""
"F1, ","1","MF-MSMF050-2","MF-MSMF050-2","Custom:FUSM4632X85","",""
"J1, ","1","Ext Mic","Conn_01x03","Connector_Molex:Molex_KK-254_AE-6410-03A_1x03_P2.54mm_Vertical","Generic connector, single row, 01x03, script generated (kicad-library-utils/schlib/autogen/connector/)",""
"J3, ","1","Conn_02x10_Odd_Even","Conn_02x10_Odd_Even","Connector_PinHeader_2.54mm:PinHeader_2x10_P2.54mm_Vertical","Generic connector, double row, 02x10, odd/even pin numbering scheme (row 1 odd numbers, row 2 even numbers), script generated (kicad-library-utils/schlib/autogen/connector/)",""
"J4, ","1","LDP","Conn_01x04","Custom:470531000","Generic connector, single row, 01x04, script generated (kicad-library-utils/schlib/autogen/connector/)",""
"J5, ","1","Coin Slots","Conn_01x06","Connector_Molex:Molex_KK-254_AE-6410-06A_1x06_P2.54mm_Vertical","Generic connector, single row, 01x06, script generated (kicad-library-utils/schlib/autogen/connector/)",""
"J6, ","1","CBI Batt LEDS","Conn_01x04","Custom:470531000","Generic connector, single row, 01x04, script generated (kicad-library-utils/schlib/autogen/connector/)",""
"J7, ","1","Data Panel/ CBI","Conn_01x05","Connector_Molex:Molex_KK-254_AE-6410-05A_1x05_P2.54mm_Vertical","Generic connector, single row, 01x05, script generated (kicad-library-utils/schlib/autogen/connector/)",""
"J8, ","1","Spectrum Analyzer","Conn_01x06","Connector_Molex:Molex_KK-254_AE-6410-06A_1x06_P2.54mm_Vertical","Generic connector, single row, 01x06, script generated (kicad-library-utils/schlib/autogen/connector/)",""
"J9, ","1","Maintenance","Conn_01x04","Custom:470531000","Generic connector, single row, 01x04, script generated (kicad-library-utils/schlib/autogen/connector/)",""
"J10, ","1","2560 USB","USB_B_Micro","Connector_USB:USB_Micro-B_Amphenol_10118194_Horizontal","USB Micro Type B connector",""
"J11, ","1","ESP USB","USB_B_Micro","Connector_USB:USB_Micro-B_Amphenol_10118194_Horizontal","USB Micro Type B connector",""
"J12, ","1","UnSW_BATT_IN","Screw_Terminal_01x02","TerminalBlock_4Ucon:TerminalBlock_4Ucon_1x02_P3.50mm_Horizontal","Generic screw terminal, single row, 01x02, script generated (kicad-library-utils/schlib/autogen/connector/)",""
"J13, ","1","Sound Board","Conn_01x04","Custom:470531000","Generic connector, single row, 01x04, script generated (kicad-library-utils/schlib/autogen/connector/)",""
"J14, ","1","Dome Controller USB","USB_B_Micro","Connector_USB:USB_Micro-B_Amphenol_10118194_Horizontal","USB Micro Type B connector",""
"J15, ","1","Dome Plate Controller USB","USB_B_Micro","Connector_USB:USB_Micro-B_Amphenol_10118194_Horizontal","USB Micro Type B connector",""
"J16, ","1","UnSW_BATT_PASS","Screw_Terminal_01x02","TerminalBlock_4Ucon:TerminalBlock_4Ucon_1x02_P3.50mm_Horizontal","Generic screw terminal, single row, 01x02, script generated (kicad-library-utils/schlib/autogen/connector/)",""
"J17, ","1","RADH_POW","Screw_Terminal_01x02","TerminalBlock_4Ucon:TerminalBlock_4Ucon_1x02_P3.50mm_Horizontal","Generic screw terminal, single row, 01x02, script generated (kicad-library-utils/schlib/autogen/connector/)",""
"J18, ","1","RASP_POW","Screw_Terminal_01x02","TerminalBlock_4Ucon:TerminalBlock_4Ucon_1x02_P3.50mm_Horizontal","Generic screw terminal, single row, 01x02, script generated (kicad-library-utils/schlib/autogen/connector/)",""
"J19, ","1","5V_OUT_3","Screw_Terminal_01x02","TerminalBlock_4Ucon:TerminalBlock_4Ucon_1x02_P3.50mm_Horizontal","Generic screw terminal, single row, 01x02, script generated (kicad-library-utils/schlib/autogen/connector/)",""
"J20, ","1","ICSP","Conn_02x03_Odd_Even","Connector_PinHeader_2.54mm:PinHeader_2x03_P2.54mm_Vertical","Generic connector, double row, 02x03, odd/even pin numbering scheme (row 1 odd numbers, row 2 even numbers), script generated (kicad-library-utils/schlib/autogen/connector/)",""
"J21, ","1","Dome Electronics Power In","Screw_Terminal_01x02","TerminalBlock_4Ucon:TerminalBlock_4Ucon_1x02_P3.50mm_Horizontal","Generic screw terminal, single row, 01x02, script generated (kicad-library-utils/schlib/autogen/connector/)",""
"J22, ","1","DB25_Male_MountingHoles","DB25_Female_MountingHoles","Connector_Dsub:DSUB-25_Male_Vertical_P2.77x2.84mm_MountingHoles","25-pin female D-SUB connector, Mounting Hole",""
"J23, ","1","Amplifier_POW","Screw_Terminal_01x02","TerminalBlock_4Ucon:TerminalBlock_4Ucon_1x02_P3.50mm_Horizontal","Generic screw terminal, single row, 01x02, script generated (kicad-library-utils/schlib/autogen/connector/)",""
"J24, ","1","AUX1","Conn_01x03","Connector_Molex:Molex_KK-254_AE-6410-03A_1x03_P2.54mm_Vertical","Generic connector, single row, 01x03, script generated (kicad-library-utils/schlib/autogen/connector/)",""
"J25, ","1","Stealth","Conn_01x03","Connector_Molex:Molex_KK-254_AE-6410-03A_1x03_P2.54mm_Vertical","Generic connector, single row, 01x03, script generated (kicad-library-utils/schlib/autogen/connector/)",""
"J26, ","1","RADH","Conn_01x03","Connector_Molex:Molex_KK-254_AE-6410-03A_1x03_P2.54mm_Vertical","Generic connector, single row, 01x03, script generated (kicad-library-utils/schlib/autogen/connector/)",""
"J27, ","1","Vu Data Panel","Conn_01x06","Connector_Molex:Molex_KK-254_AE-6410-06A_1x06_P2.54mm_Vertical","Generic connector, single row, 01x06, script generated (kicad-library-utils/schlib/autogen/connector/)",""
"J37, ","1","AUX2","Conn_01x03","Connector_Molex:Molex_KK-254_AE-6410-03A_1x03_P2.54mm_Vertical","Generic connector, single row, 01x03, script generated (kicad-library-utils/schlib/autogen/connector/)",""
"L2, L3, ","2","WS2812B-2020","WS2812B-2020","WS2812B-2020","",""
"R1, ","1","1M","R","Resistor_SMD:R_0603_1608Metric","Resistor",""
"R2, ","1","200","R","Resistor_SMD:R_0603_1608Metric","Resistor",""
"R3, R4, ","2","400","R","Resistor_SMD:R_1206_3216Metric","Resistor",""
"R5, R6, R7, R8, R9, R10, R11, R12, R13, R14, R26, ","11","220","R","Resistor_SMD:R_0402_1005Metric","Resistor",""
"R15, R16, R17, R20, R21, R22, R23, R24, R25, R27, R28, R29, ","12","10K","R","Resistor_SMD:R_0402_1005Metric","Resistor",""
"R18, ","1","60K","R","Resistor_THT:R_Axial_DIN0204_L3.6mm_D1.6mm_P5.08mm_Horizontal","Resistor",""
"R19, ","1","22K","R","Resistor_THT:R_Axial_DIN0204_L3.6mm_D1.6mm_P5.08mm_Horizontal","Resistor",""
"SW1, ","1","2560 Reset","SW_Push","Custom:GT-TC057A-H050-L1","Push button switch, generic, two pins",""
"SW2, ","1","SW_Push","SW_Push","Custom:GT-TC057A-H050-L1","Push button switch, generic, two pins",""
"U1, ","1","ATMEGA256016AU","ATMEGA256016AU","Custom:QFP50P1600X1600X120-100N","",""
"U2, U5, ","2","CH340C","CH340C","Custom:SOIC127P600X180-16N","",""
"U3, ","1","TPS2115APW","TPS2115APW","Package_SO:TSSOP-8_4.4x3mm_P0.65mm","",""
"U4, ","1","ESP32-WROOM-32D_16MB_","ESP32-WROOM-32-Custom","RF_Module:ESP32-WROOM-32","",""
"U6, ","1","UMH3N","UMH3N","Custom:UMT6","",""
"U7, ","1","LP5912-3.3DRV","LP5912-3.3DRV","Package_SON:WSON-6-1EP_2x2mm_P0.65mm_EP1x1.6mm_ThermalVias","500-mA Ultra-Low-Noise Low-IQ LDO, 3.3V, WSON-6",""
"U14, ","1","D36V50F5-STEPDOWN","D36V50F5-STEPDOWN","Pololu:D36V50F5-STEPDOWN","",""
"Y1, ","1","16MHz","Crystal","Custom:XTAL_HC49P488W46L1150T500H350","Two pin crystal",""
